          Item          ,Type,Rarity,Attunement,Additional,Source,
Abacus of Calculation,Wondrous Item,Common,,,em 19,
Absinth Oil,Potion,Rare,,,em 19,
Adamantine Armor,Armor,Uncommon,,"medium or heavy, but not hide",dmg 150,
Aerial Anchor,Wondrous Item,Uncommon,,,em 19,
Air Mask,Wondrous Item,Uncommon,,,em 19,
Airboat,Wondrous Item,Legendary,yes,spellcaster,em 20,
Alchemy Jug,Wondrous Item,Uncommon,,,dmg 150,
"Ammunition, +1",Weapon,Uncommon,,any ammunition,dmg 150,
"Ammuntion, +2",Weapon,Rare,,any ammuntion,dmg 150,
"Ammuntion, +3",Weapon,Very Rare,,any ammuntion,dmg 150,
Amulet of Charming,Wondrous Item,Rare,yes,,em 20,
Amulet of Cheetah Speed,Wondrous Item,Very Rare,yes,,em 20,
Amulet of Communication,Wondrous Item,Common,,,em 20,
Amulet of Emotions,Wondrous Item,Rare,yes,,em 21,Cursed
Amulet of Health,Wondrous Item,Rare,yes,,dmg 150,
Amulet of Hunting,Wondrous Item,Uncommon,yes,,em 21,
Amulet of Magic Resistance,Wondrous Item,Very Rare,yes,,em 21,
Amulet of Perpetual Youth,Wondrous Item,Legendary,yes,,em 21,
Amulet of Proof Against Detection and Location,Wondrous Item,Uncommon,yes,,dmg 150,
Amulet of the Beast (Ivory),Wondrous Item,Rare,,,em 20,Cursed
Amulet of the Beast (Silver),Wondrous Item,Rare,,,em 20,
Amulet of the Planes,Wondrous Item,Very Rare,yes,,dmg 150,
Amulet of the Spirit,Wondrous Item,Uncommon,yes,,em 21,
Animated Shield,Armor,Very Rare,yes,shield,dmg 151,
Ankh of Life,Wondrous Item,Legendary,yes,"cleric, paladin",em 21,
Anklet of Hobbling,Wondrous Item,Uncommon,,,em 21,Cursed
Antidote Potion (Type I),Potion,Common,,,em 21,
Antidote Potion (Type II),Potion,Common,,,em 21,
Antidote Potion (Type III),Potion,Uncommon,,,em 21,
Antidote Potion (Type IV),Potion,Rare,,,em 21,
Antidote Potion (Type V),Potion,Rare,,,em 21,
Anvil of the Dwarfs,Wondrous Item,Legendary,yes,dwarf,em 22,
Apparatus of Kwalish,Wondrous Item,Legendary,,,dmg 151,
Arcane Shot,Weapon,Rare,,catapult or trebuchet ammunition,em 22,
Armor of Absorption (Type I),Armor,Very Rare,yes,"light, medium, or heavy",em 23,
Armor of Absorption (Type II),Armor,Legendary,yes,"light, medium, or heavy",em 23,
Armor of Command,Armor,Legendary,yes,plate,em 23,
Armor of Fear,Armor,Very Rare,yes,heavy,em 23,
Armor of Invulnerability,Armor,Legendary,yes,plate,dmg 152,
Armor of Resistance,Armor,Rare,yes,,dmg 152,
Armor of Vulnerability,Armor,Rare,yes,plate,dmg 152,
Armor-Piercing Dagger,Weapon,Legendary,yes,dagger,em 23,
"Armor, +1",Armor,Rare,,,dmg 152,
"Armor, +2",Armor,Very Rare,,,dmg 152,
"Armor, +3",Armor,Legendary,,,dmg 152,
Aroma of Dreams,Potion,Uncommon,,,em 23,
Aromatic Pipe,Wondrous Item,Uncommon,,,em 23,
Arrow of Biting,Weapon,Uncommon,,arrow,em 24,
Arrow of Blinding,Weapon,Uncommon,,arrow or crossbow bolt,em 24,
Arrow of Bow-Breaking,Weapon,Rare,,arrow,em 24,Cursed
Arrow of Burning,Weapon,Rare,,arrow,em 24,
Arrow of Direction,Weapon,Uncommon,yes,arrow,em 24,
Arrow of Energy,Weapon,Uncommon,,arrow,em 25,
Arrow of Extended Range (Type I),Weapon,Common,,arrow or crossbow bolt,em 24,
Arrow of Extended Range (Type II),Weapon,Uncommon,,arrow or crossbow bolt,em 24,
Arrow of Extended Range (Type III),Weapon,Rare,,arrow or crossbow bolt,em 24,
Arrow of Harm,Weapon,Uncommon,,arrow,em 24,
Arrow of Holding,Weapon,Uncommon,,arrow,em 25,
Arrow of Pursuit,Weapon,Legendary,,arrow,em 25,
Arrow of Returning,Weapon,Uncommon,,arrow,em 25,
Arrow of Slaying,Weapon,Very Rare,,arrow,dmg 152,
Arrow-catching Shield,Armor,Rare,yes,shield,dmg 152,
Backbiter,Weapon,Very Rare,yes,spear,em 25,Cursed
Badge of Freedom,Wondrous Item,Rare,yes,,em 25,
Bag of Beans,Wondrous Item,Rare,,,dmg 152,
Bag of Beans (Variant),Wondrous Item,Rare,,,em 25,
Bag of Bones (Type I),Wondrous Item,Very Rare,yes,"cleric, warlock, necromancer",em 33,
Bag of Bones (Type II),Wondrous Item,Legendary,yes,"cleric, warlock, necromancer",em 33,
Bag of Devouring,Wondrous Item,Very Rare,,,dmg 153,
"Bag of Holding (1,000 lbs)",Wondrous Item,Rare,,,em 34,
"Bag of Holding (1,500 lbs)",Wondrous Item,Very Rare,,,em 34,
Bag of Holding (100 lbs),Wondrous Item,Uncommon,,,em 34,
"Bag of Holding (2,000 lbs)",Wondrous Item,Legendary,,,em 34,
Bag of Holding (50 lbs),Wondrous Item,Common,,,em 34,
Bag of Holding (500 lbs),Wondrous Item,Uncommon,,,dmg 153,
Bag of Many Bags,Wondrous Item,Uncommon,,,em 34,
Bag of Misplacing,Wondrous Item,Very Rare,,,em 34,
Bag of Plenty,Wondrous Item,Very Rare,,,em 34,
Bag of Returning,Wondrous Item,Very Rare,,,em 34,
Bag of Seeds,Wondrous Item,Rare,yes,druid or cleric of the Nature domain,em 34,
Bag of Tricks,Wondrous Item,Uncommon,,,dmg 154,
Bag of Wind,Wondrous Item,Very Rare,,,em 35,
Bagpipes of Confusion,Wondrous Item,Rare,yes,bard,em 35,
Bagpipes of Fear,Wondrous Item,Rare,yes,bard,em 35,
Balances of Conversion,Wondrous Item,Uncommon,,,em 35,
Balances of Power,Wondrous Item,Legendary,,,em 35,
Ball of Endless String,Wondrous Item,Uncommon,,,em 36,
Bands of the Beast,Wondrous Item,Rare,yes,,em 36,
Banner of Ferocity,Wondrous Item,Rare,,,em 36,
Banner of Renown,Wondrous Item,Legendary,,,em 36,
Banner of Terror,Wondrous Item,Very Rare,,,em 36,
Barding of Easy Travel (Type I),Armor,Rare,,barding,em 36,
Barding of Easy Travel (Type II),Armor,Very Rare,,barding,em 36,
Barding of Flight,Armor,Very Rare,,barding,em 37,
Barding of Silence,Armor,Uncommon,,barding,em 37,
"Barding, +1",Armor,Rare,,barding,em 36,
"Barding, +2",Armor,Very Rare,,barding,em 36,
"Barding, +3",Armor,Legendary,,barding,em 36,
Basin of the Angel,Wondrous Item,Legendary,,,em 37,
Battle Cloak,Wondrous Item,Rare,yes,,em 37,
Battle Star,Weapon,Legendary,yes,"morningstar, dwarf",em 38,
Bead of Force,Wondrous Item,Rare,,,dmg 154,
Beady Eye,Wondrous Item,Rare,,,em 38,
Bell of Alarm,Wondrous Item,Rare,,,em 38,
Bell of Doom,Wondrous Item,Legendary,,,em 38,
Bell of Freedom,Wondrous Item,Rare,,,em 38,
Bell of Protection,Wondrous Item,Legendary,,,em 38,
Belt of Cloud Giant Strength,Wondrous Item,Legendary,yes,,dmg 155,
Belt of Dwarvenkind,Wondrous Item,Rare,yes,,dmg 155,
Belt of Fire Giant Strength,Wondrous Item,Very Rare,yes,,dmg 155,
Belt of Frost Giant Strength,Wondrous Item,Very Rare,yes,,dmg 155,
Belt of Hill Giant Strength,Wondrous Item,Rare,yes,,dmg 155,
Belt of Many Pouches,Wondrous Item,Uncommon,yes,,em 39,
Belt of Stone Giant Strength,Wondrous Item,Very Rare,yes,,dmg 155,
Belt of Storm Giant Strength,Wondrous Item,Legendary,yes,,dmg 155,
Belt of the Lions,Wondrous Item,Rare,yes,,em 39,
Berserker Axe,Weapon,Rare,yes,any axe,dmg 155,
Black Bow,Weapon,Legendary,yes,longbow or shortbow,em 39,Cursed
Black Candle,Wondrous Item,Legendary,yes,,em 39,
Black Mace,Weapon,Legendary,yes,mace or maul,em 39,
Black Pearl,Wondrous Item,Legendary,yes,spellcaster,em 39,
Black Sickle,Weapon,Very Rare,yes,sickle or scythe,em 40,
Blackflame Dagger,Weapon,Very Rare,yes,dagger,em 40,
Blackstaff,Staff,Legendary,yes,"cleric, warlock",em 40,
Blade of Quickness,Weapon,Rare,yes,"any dagger, sword, or axe",em 40,
Blanket of Devouring,Wondrous Item,Rare,,,em 40,Cursed
Bloodsword,Weapon,Very Rare,yes,longsword,em 41,Cursed
Bolas of Sunlight,Weapon,Uncommon,,bola,em 41,
Bone of Animation,Wondrous Item,Rare,,,em 41,
Bone Ring,Ring,Very Rare,yes,,em 41,
Bonewand,Wand,Legendary,yes,"cleric, sorcerer, warlock, wizard",em 42,
Boots of Attraction,Wondrous Item,Rare,yes,,em 42,Cursed
Boots of Balance,Wondrous Item,Uncommon,yes,,em 42,
Boots of Cloudwalking,Wondrous Item,Very Rare,yes,,em 42,
Boots of Elvenkind,Wondrous Item,Uncommon,,,dmg 155,
Boots of Levitation,Wondrous Item,Rare,yes,,dmg 155,
Boots of Speed,Wondrous Item,Rare,yes,,dmg 155,
Boots of Striding and Springing,Wondrous Item,Uncommon,yes,,dmg 156,
Boots of the Winterlands,Wondrous Item,Uncommon,yes,,dmg 156,
Boots of Tracks,Wondrous Item,Uncommon,yes,,em 42,
Bottle of Fireflies,Wondrous Item,Uncommon,,,em 42,
Bottle of Trapping,Wondrous Item,Legendary,,,em 43,
Bow of Doubling,Weapon,Very Rare,yes,bow,em 43,
Bow of Marksmanship,Weapon,Uncommon,yes,bow,em 43,
Bowl of Commanding Water Elementals,Wondrous Item,Rare,,,dmg 156,
Box of Delightful Transports (Type I),Wondrous Item,Uncommon,,,em 43,
Box of Delightful Transports (Type II),Wondrous Item,Rare,,,em 43,
Box of Delightful Transports (Type III),Wondrous Item,Very Rare,,,em 43,
Box of Preservation (Type II),Wondrous Item,Legendary,,,em 43,
Box of Preservation (Type II),Wondrous Item,Uncommon,,,em 43,
Bracelet of Beastly Command,Wondrous Item,Uncommon,yes,,em 44,
Bracelet of Charms,Wondrous Item,Very Rare,yes,fighter,em 43,
Bracers of Archery,Wondrous Item,Uncommon,yes,,dmg 156,
Bracers of Attraction,Wondrous Item,Very Rare,yes,,em 44,Cursed
Bracers of Blasting,Wondrous Item,Very Rare,yes,,em 44,
Bracers of Brachiating,Wondrous Item,Uncommon,yes,,em 44,
Bracers of Defense,Wondrous Item,Rare,yes,,dmg 156,
"Bracers of Defense (Variant, Type I)",Wondrous Item,Very Rare,yes,,em 45,
"Bracers of Defense (Variant, Type II)",Wondrous Item,Legendary,yes,,em 45,
Bracers of Defenselessness,Wondrous Item,Rare,yes,,em 45,Cursed
Bracers of Deflection,Wondrous Item,Legendary,yes,fighter,em 45,
Bracers of the Merfolk,Wondrous Item,Uncommon,yes,,em 45,
Brazen Bottle,Wondrous Item,Very Rare,,,em 45,
Brazier of Commanding Fire Elementals,Wondrous Item,Rare,,,dmg 156,
Bridle of Calm,Wondrous Item,Uncommon,,,em 45,
Bridle of Plane Shifting,Wondrous Item,Very Rare,,,em 46,
Bringer of Doom,Wondrous Item,Legendary,,,em 46,
Brooch of Shielding,Wondrous Item,Uncommon,yes,,dmg 156,
Broom of Flying,Wondrous Item,Uncommon,,,dmg 156,
Buckle of Lockpicks,Wondrous Item,Uncommon,yes,rogue,em 46,
Buckle of Weaponry,Wondrous Item,Rare,yes,fighter or ranger,em 46,
Caduceus Staff,Staff,Uncommon,yes,cleric,em 47,
Camouflaging Tent,Wondrous Item,Uncommon,,,em 47,
Candle of Everburning,Wondrous Item,Common,,,em 47,
Candle of Exploding,Wondrous Item,Uncommon,,,em 47,
Candle of Invocation,Wondrous Item,Very Rare,yes,,dmg 157,
Candle of Protection,Wondrous Item,Uncommon,yes,,em 47,
Cane of Armament,Wondrous Item,Very Rare,yes,fighter or paladin,em 47,
Canteen of Coolness,Wondrous Item,Common,,,em 47,
Cap of Healing,Wondrous Item,Rare,yes,cleric of the Life domain,em 47,
Cap of Sleep,Wondrous Item,Legendary,,,em 48,Cursed
Cap of Water Breathing,Wondrous Item,Uncommon,,,dmg 157,
Cape of Disguise,Wondrous Item,Uncommon,,,em 48,
Cape of Shadows,Wondrous Item,Very Rare,,,em 48,
Cape of the Hornet,Wondrous Item,Legendary,yes,,em 48,
Cape of the Mountebank,Wondrous Item,Rare,,,dmg 157,
Carpet of Flying,Wondrous Item,Very Rare,,,dmg 157,
Case of Compression,Wondrous Item,Uncommon,yes,bard,em 48,
Casket of the Wind Spy,Wondrous Item,Rare,,,em 48,
Cat's Eye Ring,Ring,Uncommon,,,em 49,
Catalogue of Outer Planar Artifacts,Wondrous Item,Legendary,,,em 49,
Cauldron of Creatures,Wondrous Item,Very Rare,yes,druid,em 50,
Cauldron of Doom,Wondrous Item,Legendary,yes,spellcaster,em 50,
Cauldron of Potion-Brewing,Wondrous Item,Legendary,yes,spellcaster,em 50,
Cauldron of Warming,Wondrous Item,Uncommon,,,em 51,
Censer of Controlling Air Elementals,Wondrous Item,Rare,,,dmg 158,
Censer of Thaumaturgy,Wondrous Item,Legendary,yes,spellcaster,em 51,
Chair of Extra Seating,Wondrous Item,Uncommon,,,em 51,
Chair of Insomnia,Wondrous Item,Uncommon,,,em 51,
Chair of the Ancestors,Wondrous Item,Rare,,,em 51,
Chalice of Detection,Wondrous Item,Very Rare,,,em 51,
Chalice of Identification,Wondrous Item,Very Rare,,,em 51,
Chalice of Liquid Bread,Wondrous Item,Uncommon,,,em 52,
Chalice of Planar Travel,Wondrous Item,Legendary,,,em 52,
Changeling Cloak,Wondrous Item,Uncommon,yes,,em 54,
Chariot of Flames,Wondrous Item,Legendary,,,em 52,
Charm of Distraction,Wondrous Item,Legendary,,,em 52,
Charm of Favor,Wondrous Item,Legendary,yes,,em 52,
Charm of Hunting,Wondrous Item,Uncommon,yes,,em 53,
Charm of Protection,Wondrous Item,Uncommon,yes,,em 53,
Chime of Opening,Wondrous Item,Rare,,,dmg 158,
Chime of Time,Wondrous Item,Common,,,em 53,
Chimes of Interruption,Wondrous Item,Very Rare,,,em 53,
Cindergem,Wondrous Item,Rare,,,em 53,
Circlet of Blasting,Wondrous Item,Uncommon,,,dmg 158,
Claw of Spell-Stealing,Ring,Very Rare,yes,,em 54,
Claw of the Bear,Wondrous Item,Rare,yes,"barbarian, cleric, druid, fighter, or ranger",em 54,
Cloak of Arachnida,Wondrous Item,Very Rare,yes,,dmg 158,
Cloak of Charming,Wondrous Item,Rare,yes,,em 55,
Cloak of Displacement,Wondrous Item,Rare,yes,,dmg 158,
Cloak of Elvenkind,Wondrous Item,Uncommon,yes,,dmg 158,
Cloak of Flame,Wondrous Item,Very Rare,yes,,em 55,
Cloak of Invisibility,Wondrous Item,Legendary,yes,,dmg 158,
Cloak of Lordliness,Wondrous Item,Very Rare,yes,,em 55,
Cloak of Many Colors,Wondrous Item,Very Rare,yes,,em 55,
Cloak of Protection,Wondrous Item,Uncommon,yes,,dmg 159,
Cloak of Stars,Wondrous Item,Legendary,yes,,em 55,
Cloak of Survival,Wondrous Item,Uncommon,yes,,em 56,
Cloak of the Bat,Wondrous Item,Rare,yes,,dmg 159,
Cloak of the Clouds,Wondrous Item,Legendary,yes,,em 55,
Cloak of the Manta Ray,Wondrous Item,Uncommon,,,dmg 159,
Cloak of the Rogue,Wondrous Item,Legendary,yes,rogue,em 54,
Cloth of Polishing,Wondrous Item,Common,,,em 56,
Coat of the Seas,Wondrous Item,Uncommon,,,em 56,
Coffin of Creation,Wondrous Item,Very Rare,yes,wizard,em 56,
Coin of Alms,Wondrous Item,Very Rare,,,em 56,Cursed
Collar of Change,Wondrous Item,Very Rare,yes,spellcaster,em 57,
Copper Lance,Weapon,Legendary,,lance,em 57,
Copper Shield,Armor,Very Rare,yes,shield,em 54,
Cord of Binding,Wondrous Item,Uncommon,,,em 57,
Coronet of Communication,Wondrous Item,Legendary,yes,,em 54,
Coronet of the Wyrm,Wondrous Item,Legendary,yes,dragon,em 54,
Courier Key,Wondrous Item,Uncommon,,,em 57,
Crown of Leadership,Wondrous Item,Legendary,yes,,em 57,
Crown of Stars,Wondrous Item,Legendary,yes,,em 57,
Crucible of Melting (Type I),Wondrous Item,Uncommon,,,em 57,
Crucible of Melting (Type II),Wondrous Item,Very Rare,,,em 57,
Crystal Ball,Wondrous Item,Very Rare,yes,,dmg 159,
Crystal Ball of Mind Reading,Wondrous Item,Legendary,yes,,dmg 159,
Crystal Ball of Telepathy,Wondrous Item,Legendary,yes,,dmg 159,
Crystal Ball of True Seeing,Wondrous Item,Legendary,yes,,dmg 159,
Crystal Coffin,Wondrous Item,Very Rare,,,em 58,
Crystal Mirror,Wondrous Item,Very Rare,,,em 58,
Crystal Sphere,Wondrous Item,Rare,,,em 58,
Cube of Force,Wondrous Item,Rare,yes,,dmg 159,
Cubic Gate,Wondrous Item,Legendary,,,dmg 160,
Cursebow,Wondrous Item,Very Rare,yes,,em 58,
Cursed Weapon,Weapon,Rare,yes,any weapon,em 58,Cursed
Daern's Instant Fortress,Wondrous Item,Rare,,,dmg 160,
Dagger of Concealment (Type I),Weapon,Uncommon,,dagger,em 58,
Dagger of Concealment (Type II),Weapon,Legendary,,dagger,em 58,
Dagger of Doomwarding,Weapon,Very Rare,yes,dagger,em 59,
Dagger of Random Targets,Weapon,Rare,yes,dagger,em 59,
Dagger of Throwing,Weapon,Uncommon,yes,dagger,em 59,
Dagger of Venom,Weapon,Rare,,dagger,dmg 161,
Dancing Sword,Weapon,Very Rare,yes,any sword,dmg 161,
Dark Crown,Wondrous Item,Legendary,yes,,em 59,
Dart of Branding,Weapon,Rare,,dart,em 59,
Dart of Light,Weapon,Uncommon,,dart,em 60,
Dart of Stunning,Weapon,Uncommon,,dart,em 60,
Dart of the Hornet's Nest (Type I),Weapon,Uncommon,,dart,em 59,
Dart of the Hornet's Nest (Type II),Weapon,Rare,,dart,em 59,
Dart of the Hornet's Nest (Type III),Weapon,Very Rare,,dart,em 59,
Dart Ring,Ring,Rare,yes,,em 60,
Dead Box,Wondrous Item,Very Rare,,,em 60,
Death Lance,Weapon,Legendary,,lance,em 60,
Deathstriker Axe,Weapon,Legendary,yes,greataxe,em 60,
Decanter of Endless Water,Wondrous Item,Uncommon,,,dmg 161,
Deceptor's Boots,Wondrous Item,Very Rare,yes,,em 61,
Deck of Chance,Wondrous Item,Very Rare,,,em 61,
Deck of Illusions,Wondrous Item,Uncommon,,,dmg 161,
Deck of Many Things,Wondrous Item,Legendary,,,dmg 162,
Defender,Weapon,Legendary,yes,any sword,dmg 164,
Defender's Harp,Wondrous Item,Rare,yes,bard,em 61,
Demon Armor,Armor,Very Rare,yes,plate,dmg 165,
Diadem of Doom,Wondrous Item,Legendary,yes,,em 61,Cursed
Dice of Chancelessness,Wondrous Item,Very Rare,yes,,em 61,
Dimensional Shackles,Wondrous Item,Rare,,,dmg 165,
Disintegration Chamber,Wondrous Item,Legendary,,,em 62,
Dove's Harp,Wondrous Item,Very Rare,yes,bard,em 62,
Dowsing Key,Wondrous Item,Rare,,,em 62,
Dragon Bones (Type I),Wondrous Item,Uncommon,yes,,em 62,
Dragon Bones (Type II),Wondrous Item,Very Rare,yes,,em 62,
Dragon Eye,Wondrous Item,Very Rare,,,em 62,
Dragon Scale Mail,Armor,Very Rare,yes,scale mail,dmg 165,
Dragon Scale Shield,Armor,Very Rare,yes,shield,em 62,
Dragon Slayer,Weapon,Rare,,any sword,dmg 166,
Dragonhelm,Wondrous Item,Legendary,yes,"barbarian, cleric, bard, fighter, paladin",em 63,Cursed
Dragonhide Cloak,Wondrous Item,Very Rare,yes,,em 63,
Dragonlance (Type I),Weapon,Rare,yes,lance,em 63,
Dragonlance (Type II),Weapon,Legendary,yes,lance,em 63,
Dramatic Mask,Wondrous Item,Very Rare,,,em 64,
Dream Stone,Wondrous Item,Uncommon,,,em 64,
Dress of Amazement,Wondrous Item,Uncommon,,,em 64,
Driftglobe,Wondrous Item,Uncommon,,,dmg 166,
Drums of Deafening,Wondrous Item,Very Rare,yes,bard,em 64,
Drums of Menace,Wondrous Item,Legendary,yes,,em 64,
Drums of Thunder,Wondrous Item,Rare,yes,bard,em 65,
Dungeon Chains,Wondrous Item,Uncommon,,,em 65,
Dust of Adhering,Wondrous Item,Uncommon,,,em 65,
Dust of Appearance,Wondrous Item,Uncommon,,,em 65,
Dust of Disappearance,Wondrous Item,Uncommon,,,dmg 166,
Dust of Dryness,Wondrous Item,Uncommon,,,dmg 166,
Dust of Dullness,Wondrous Item,Uncommon,,,em 66,
Dust of Good Taste,Wondrous Item,Common,,,em 66,
Dust of Gracelessness,Wondrous Item,Uncommon,,,em 67,
Dust of Green Sleeping,Wondrous Item,Uncommon,,,em 66,
Dust of Illusion,Wondrous Item,Rare,,,em 66,
Dust of Images,Wondrous Item,Uncommon,,,em 66,
Dust of Magic Detection,Wondrous Item,Uncommon,,,em 67,
Dust of Sneezing and Choking,Wondrous Item,Uncommon,,,dmg 166,
Dust of the Black Arts,Wondrous Item,Legendary,,,em 65,
Dust of the Black Veil,Wondrous Item,Very Rare,,,em 65,
Dust of Wishing,Wondrous Item,Legendary,,,em 67,
Dwarven Plate,Armor,Very Rare,,plate,dmg 167,
Dwarven Thrower,Weapon,Very Rare,yes,"warhammer, dwarf",dmg 167,
Ebon Skull,Wondrous Item,Legendary,yes,spellcaster,em 67,
Efreeti Bottle,Wondrous Item,Very Rare,,,dmg 167,
Efreeti Chain,Armor,Legendary,yes,chain mail,dmg 167,
Egg of Cloudkill,Wondrous Item,Uncommon,,,em 67,
Egg of Dragon's Breath (Adult),Wondrous Item,Very Rare,,,em 67,
Egg of Dragon's Breath (Ancient),Wondrous Item,Legendary,,,em 67,
Egg of Dragon's Breath (Wyrmling),Wondrous Item,Uncommon,,,em 67,
Egg of Dragon's Breath (Young),Wondrous Item,Rare,,,em 67,
Egg of Wonder,Wondrous Item,Rare,,,em 68,
Elemental Gem,Wondrous Item,Uncommon,,,dmg 167,
Elf-Cleaver,Weapon,Legendary,yes,"greataxe, goblinoid or orc",em 68,Cursed
Elixir of Good Luck,Potion,Very Rare,,,em 69,
Elixir of Health,Potion,Rare,,,dmg 168,
Elixir of Life (Type I),Potion,Very Rare,,,em 69,
Elixir of Life (Type II),Potion,Legendary,,,em 69,
Elixir of Madness,Potion,Very Rare,,,em 69,
Elven Chain,Armor,Rare,,chain shirt,dmg 168,
Elven Sword,Weapon,Very Rare,yes,"any sword, elf",em 69,
Enchanted Grappling Hook,Wondrous Item,Uncommon,,,em 69,
Essence of Darkness,Potion,Rare,,,em 69,
Everbountiful Soup Kettle,Wondrous Item,Rare,,,em 69,
Everclean Towel,Wondrous Item,Common,,,em 70,
Everfull Cask,Wondrous Item,Uncommon,,,em 70,
Everfull Inkwell (Type I),Wondrous Item,Common,,,em 70,
Everfull Inkwell (Type II),Wondrous Item,Uncommon,,,em 70,
Everfull Purse,Wondrous Item,Legendary,yes,,em 71,
Eversmoking Bottle,Wondrous Item,Uncommon,,,dmg 168,
Everstriking Sword,Weapon,Legendary,yes,greatsword,em 70,Cursed
Eyes of Accuracy,Wondrous Item,Uncommon,,,em 70,
Eyes of Charming,Wondrous Item,Uncommon,yes,,dmg 168,
Eyes of Minute Seeing,Wondrous Item,Uncommon,,,dmg 168,
Eyes of Sight,Wondrous Item,Legendary,,,em 70,
Eyes of the Arcanist,Wondrous Item,Uncommon,,,em 70,
Eyes of the Eagle,Wondrous Item,Uncommon,yes,,dmg 168,
Faerie Flute (Type I),Wondrous Item,Rare,yes,,em 71,Cursed
Faerie Flute (Type II),Wondrous Item,Very Rare,yes,,em 71,Cursed
Fang Dagger (Type I),Weapon,Rare,,dagger,em 71,
Fang Dagger (Type II),Weapon,Very Rare,,dagger,em 71,
Fanged Mask,Wondrous Item,Rare,yes,,em 71,
Feedbag of Plenty,Wondrous Item,Rare,,,em 72,
"Figurine of Wondrous Power, Amber Monkey",Wondrous Item,Very Rare,,,em 72,
"Figurine of Wondrous Power, Bronze Griffon",Wondrous Item,Rare,,,dmg 169,
"Figurine of Wondrous Power, Coral Dragon",Wondrous Item,Very Rare,,,em 72,
"Figurine of Wondrous Power, Ebony Fly",Wondrous Item,Rare,,,dmg 169,
"Figurine of Wondrous Power, Emerald Frog",Wondrous Item,Very Rare,,,em 72,
"Figurine of Wondrous Power, Golden Lions",Wondrous Item,Rare,,,dmg 169,
"Figurine of Wondrous Power, Ivory Goats",Wondrous Item,Rare,,,dmg 169,
"Figurine of Wondrous Power, Jade Snakes",Wondrous Item,Rare,,,em 73,
"Figurine of Wondrous Power, Marble Elephant",Wondrous Item,Rare,,,dmg 170,
"Figurine of Wondrous Power, Moonstone Rabbit",Wondrous Item,Rare,,,em 73,
"Figurine of Wondrous Power, Obsidian Steed",Wondrous Item,Very Rare,,,dmg 170,
"Figurine of Wondrous Power, Onyx Dog",Wondrous Item,Rare,,,dmg 170,
"Figurine of Wondrous Power, Opal Cats",Wondrous Item,Rare,,,em 73,
"Figurine of Wondrous Power, Serpentine Owl",Wondrous Item,Rare,,,dmg 170,
"Figurine of Wondrous Power, Silver Carp",Wondrous Item,Rare,,,em 74,
"Figurine of Wondrous Power, Silver Raven",Wondrous Item,Uncommon,,,dmg 170,
"Figurine of Wondrous Power, Tourmaline Turtle",Wondrous Item,Rare,,,em 74,
Fingernails of Rending,Wondrous Item,Legendary,,,em 74,
Fire Gem,Wondrous Item,Very Rare,,,em 74,
Fire-Quenching Smoke,Wondrous Item,Common,,,em 72,
Firebow,Weapon,Very Rare,yes,bow,em 72,
Flame Egg,Wondrous Item,Rare,,,em 75,
Flame Tongue,Weapon,Rare,yes,any sword,dmg 170,
Flash Pellet,Wondrous Item,Common,,,em 75,
Flask of Curses,Wondrous Item,Rare,,,em 75,
Flint of Cold Fire,Wondrous Item,Common,,,em 75,
Flint of Dark Fire,Wondrous Item,Common,,,em 75,
Flute of Courage,Wondrous Item,Rare,yes,bard,em 75,
Flute of Puppies,Wondrous Item,Legendary,,,em 75,
Flute of Wind Dancing,Wondrous Item,Legendary,yes,bard,em 75,
Folding Boat,Wondrous Item,Rare,,,dmg 170,
Folding Moat,Wondrous Item,Very Rare,,,em 76,
Food Pouch,Wondrous Item,Uncommon,,,em 76,
Frost Brand,Weapon,Very Rare,yes,any sword,dmg 171,
Frostreaver,Weapon,Legendary,yes,battlaxe,em 76,
Gargoyle Cloak,Wondrous Item,Very Rare,yes,,em 76,
Gargoyle Grappling Hook,Wondrous Item,Rare,,,em 76,
Gauntlets of Dexterity,Wondrous Item,Rare,yes,,em 76,
Gauntlets of Heat,Wondrous Item,Rare,yes,,em 76,
Gauntlets of Holding,Wondrous Item,Uncommon,,,em 77,
Gauntlets of Ogre Power,Wondrous Item,Uncommon,yes,,dmg 171,
Gauntlets of Specialization,Wondrous Item,Very Rare,yes,,em 77,
Gauze of Appearance,Wondrous Item,Rare,,,em 77,
Gem of Brightness,Wondrous Item,Uncommon,,,dmg 171,
Gem of Income,Wondrous Item,Legendary,,,em 77,
Gem of Seeing,Wondrous Item,Rare,yes,,dmg 172,
Gembow,Weapon,Legendary,yes,shortbow,em 77,
Gemcutter's Tools of the Dwarfs,Wondrous Item,Legendary,yes,dwarf,em 77,
Gemstone of Musing,Wondrous Item,Rare,yes,wizard,em 78,
Gemstone of Retaliation,Wondrous Item,Legendary,yes,,em 78,
Gemsword,Weapon,Legendary,yes,longsword,em 78,
Getaway's Dust,Wondrous Item,Rare,,,em 78,
Getaway's Oil,Potion,Rare,,,em 78,
Ghostly Palace,Wondrous Item,Legendary,,,em 78,Cursed
Giant Slayer,Weapon,Rare,,any axe or sword,dmg 172,
Girdle of Feminity/Masculinity,Wondrous Item,Very Rare,,,em 79,Cursed
Glamoured Studded Leather,Armor,Rare,,studded leather,dmg 172,
Glass of Distant Vision,Wondrous Item,Very Rare,,,em 79,
Glass of Preserved Words,Wondrous Item,Very Rare,,,em 79,
Globe of Serenity,Wondrous Item,Very Rare,,,em 79,
Gloves of Lightning,Wondrous Item,Rare,yes,,em 79,
Gloves of Missile Snaring,Wondrous Item,Uncommon,yes,,dmg 172,
Gloves of Swimming and Climbing,Wondrous Item,Uncommon,yes,,dmg 172,
Gloves of the Octopus,Wondrous Item,Rare,,,em 79,
Gloves of Thievery,Wondrous Item,Uncommon,,,dmg 172,
Goblet of Change,Wondrous Item,Rare,,,em 80,
Goggles of Night,Wondrous Item,Uncommon,,,dmg 172,
Golden Circlet,Wondrous Item,Legendary,yes,good-aligned cleric,em 80,
Golden Sickle,Weapon,Very Rare,yes,"sickle or scythe, druid",em 80,
Gong of Dispelling,Wondrous Item,Rare,,,em 80,
Gong of Earthquakes,Wondrous Item,Legendary,,,em 80,
Gong of the Whirlwind,Wondrous Item,Legendary,,,em 80,
Greater Windfan,Wondrous Item,Rare,,,em 80,
Greenmask (Type I),Wondrous Item,Very Rare,yes,elf,em 81,
Greenmask (Type II),Wondrous Item,Legendary,yes,elf,em 81,
Guardian Egg,Wondrous Item,Legendary,,,em 81,
Guardian Tail (Type I),Wondrous Item,Common,yes,,em 81,
Guardian Tail (Type II),Wondrous Item,Uncommon,yes,,em 81,
Halfling Pipe,Wondrous Item,Rare,,,em 82,
Hammer of Life,Weapon,Legendary,yes,light hammer,em 82,
Hammer of Nailing,Wondrous Item,Legendary,yes,dwarf,em 82,
Hammer of Silence,Weapon,Uncommon,,light hammer or warhammer,em 82,
Hammer of Thunderbolts,Weapon,Legendary,,maul,dmg 173,
Hammer of Vengeance,Weapon,Legendary,yes,,em 82,
Hand of Remote Action,Wondrous Item,Rare,,,em 82,
Hands of the Healing Spirit,Wondrous Item,Legendary,yes,,em 83,
Harp of Gold,Wondrous Item,Legendary,yes,bard,em 83,
Harp of Healing,Wondrous Item,Rare,yes,bard,em 83,
Hasp of Locking,Wondrous Item,Common,,,em 83,
Hasty Wheel,Wondrous Item,Uncommon,,,em 83,
Hat of Disguise,Wondrous Item,Uncommon,yes,,dmg 173,
Hat of Holding,Wondrous Item,Uncommon,,,em 83,
Headband of Intellect,Wondrous Item,Uncommon,yes,,dmg 173,
Headdress of Peaceful Contact,Wondrous Item,Rare,yes,druid or cleric,em 83,
Heart of Bravery and Cowardice,Wondrous Item,Rare,yes,,em 84,Cursed
Helm of Brilliance,Wondrous Item,Very Rare,yes,,dmg 173,
Helm of Comprehending Languages,Wondrous Item,Uncommon,,,dmg 173,
Helm of Creation,Wondrous Item,Rare,,,em 84,
Helm of Telepathy,Wondrous Item,Uncommon,yes,,dmg 174,
Helm of Teleportation,Wondrous Item,Rare,yes,,dmg 174,
Helm of Valor,Wondrous Item,Legendary,yes,"elf, cleric, fighter, ranger, paladin",em 84,
Helmet of Sensory Protection,Wondrous Item,Uncommon,,,em 84,
Heward's Handy Haversack,Wondrous Item,Rare,,,dmg 174,
Hold-Fast Anchor,Wondrous Item,Uncommon,,,em 84,
Holy Avenger,Weapon,Legendary,yes,"any sword, paladin",dmg 174,
Holy Shield,Armor,Legendary,yes,"shield, good-aligned cleric or paladin",em 84,
Horn Bonnet,Wondrous Item,Uncommon,yes,barbarian,em 84,
Horn of Blasting,Wondrous Item,Rare,,,dmg 174,
Horn of Dolphins,Wondrous Item,Very Rare,,,em 84,
Horn of Hades,Wondrous Item,Legendary,,,em 85,
Horn of Signaling,Wondrous Item,Uncommon,,,em 85,
"Horn of Valhalla, Brass",Wondrous Item,Rare,,,dmg 175,
"Horn of Valhalla, Bronze",Wondrous Item,Very Rare,,,dmg 175,
"Horn of Valhalla, Iron",Wondrous Item,Legendary,,,dmg 175,
"Horn of Valhalla, Silver",Wondrous Item,Rare,,,dmg 175,
Hornblade,Weapon,Uncommon,yes,"elf, druid, or ranger",em 85,
Horned Mask,Wondrous Item,Rare,yes,druid or ranger,em 85,
Horseshoes of a Zephyr,Wondrous Item,Very Rare,,,dmg 175,
Horseshoes of Hades,Wondrous Item,Very Rare,,,em 85,
Horseshoes of Speed,Wondrous Item,Rare,,,dmg 175,
Immovable Rod,Rod,Uncommon,,,dmg 175,
Incense of Meditation,Wondrous Item,Legendary,,,em 85,
Incubalum,Wondrous Item,Legendary,,,em 86,
Infinite Rope,Wondrous Item,Rare,,,em 86,
Inkwell of Scrollmaking,Wondrous Item,Uncommon,,,em 86,
"Instrument of the Bards, Anstruth Harp",Wondrous Item,Very Rare,yes,bard,dmg 176,
"Instrument of the Bards, Canaith Mandolin",Wondrous Item,Rare,yes,bard,dmg 176,
"Instrument of the Bards, Cli Lyre",Wondrous Item,Rare,yes,bard,dmg 176,
"Instrument of the Bards, Doss Lute",Wondrous Item,Uncommon,yes,bard,dmg 176,
"Instrument of the Bards, Fochlucan Bandore",Wondrous Item,Uncommon,yes,bard,dmg 176,
"Instrument of the Bards, Mac-Fuirmidh Cittern",Wondrous Item,Uncommon,yes,bard,dmg 176,
"Instrument of the Bards, Ollamh Harp",Wondrous Item,Legendary,yes,bard,dmg 176,
Invulnerable Coat,Armor,Legendary,yes,chainmail,em 86,Cursed
"Ioun Stone, Absorption",Wondrous Item,Very Rare,yes,,dmg 176,
"Ioun Stone, Agility",Wondrous Item,Very Rare,yes,,dmg 176,
"Ioun Stone, Airy Water",Wondrous Item,Rare,yes,,em 87,
"Ioun Stone, Astral Projection",Wondrous Item,Very Rare,yes,,em 87,
"Ioun Stone, Awareness",Wondrous Item,Rare,yes,,dmg 176,
"Ioun Stone, Darksight",Wondrous Item,Rare,yes,,em 87,
"Ioun Stone, Darkvision",Wondrous Item,Rare,yes,,em 87,
"Ioun Stone, Empowered Spells",Wondrous Item,Very Rare,yes,,em 87,
"Ioun Stone, Etherealness",Wondrous Item,Very Rare,yes,,em 87,
"Ioun Stone, Fortitude",Wondrous Item,Very Rare,yes,,dmg 176,
"Ioun Stone, Free Action",Wondrous Item,Rare,yes,,em 87,
"Ioun Stone, Gaseousness",Wondrous Item,Rare,yes,,em 88,
"Ioun Stone, Greater Absorption",Wondrous Item,Legendary,yes,,dmg 176,
"Ioun Stone, Greater Protection from Acid",Wondrous Item,Legendary,yes,,em 88,
"Ioun Stone, Greater Protection from Cold",Wondrous Item,Legendary,yes,,em 88,
"Ioun Stone, Greater Protection from Fire",Wondrous Item,Legendary,yes,,em 88,
"Ioun Stone, Greater Protection from Lightning",Wondrous Item,Legendary,yes,,em 88,
"Ioun Stone, Greater Protection from Necrosis",Wondrous Item,Legendary,yes,,em 88,
"Ioun Stone, Greater Protection from Poison",Wondrous Item,Legendary,yes,,em 88,
"Ioun Stone, Insight",Wondrous Item,Very Rare,yes,,dmg 176,
"Ioun Stone, Intellect",Wondrous Item,Very Rare,yes,,dmg 176,
"Ioun Stone, Leadership",Wondrous Item,Very Rare,yes,,dmg 176,
"Ioun Stone, Levitation",Wondrous Item,Rare,yes,,em 88,
"Ioun Stone, Light",Wondrous Item,Rare,yes,,em 88,
"Ioun Stone, Magic Resistance",Wondrous Item,Legendary,yes,,em 88,
"Ioun Stone, Mastery",Wondrous Item,Legendary,yes,,dmg 176,
"Ioun Stone, Might",Wondrous Item,Rare,yes,,em 88,
"Ioun Stone, Mind Shield",Wondrous Item,Legendary,yes,,em 88,
"Ioun Stone, Mind-Reading",Wondrous Item,Legendary,yes,,em 88,
"Ioun Stone, Mirror",Wondrous Item,Rare,yes,,em 88,
"Ioun Stone, Protection",Wondrous Item,Rare,yes,,dmg 176,
"Ioun Stone, Protection from Acid",Wondrous Item,Very Rare,yes,,em 88,
"Ioun Stone, Protection from Cold",Wondrous Item,Very Rare,yes,,em 88,
"Ioun Stone, Protection from Fire",Wondrous Item,Very Rare,yes,,em 88,
"Ioun Stone, Protection from Lightning",Wondrous Item,Very Rare,yes,,em 88,
"Ioun Stone, Protection from Necrosis",Wondrous Item,Very Rare,yes,,em 88,
"Ioun Stone, Protection from Poison",Wondrous Item,Very Rare,yes,,em 88,
"Ioun Stone, Protection from Weapons",Wondrous Item,Legendary,yes,,em 88,
"Ioun Stone, Regeneration",Wondrous Item,Legendary,yes,,dmg 176,
"Ioun Stone, Reserve",Wondrous Item,Rare,yes,,dmg 176,
"Ioun Stone, Spirit Storage",Wondrous Item,Very Rare,yes,,em 88,
"Ioun Stone, Strength",Wondrous Item,Very Rare,yes,,dmg 176,
"Ioun Stone, Sustenance",Wondrous Item,Rare,yes,,dmg 176,
"Ioun Stone, Translation",Wondrous Item,Very Rare,yes,,em 89,
"Ioun Stone, Wariness",Wondrous Item,Rare,yes,,em 89,
"Ioun Stone, Water Walking",Wondrous Item,Rare,yes,,em 89,
Iron Bands of Bilarro,Wondrous Item,Rare,,,dmg 177,
Iron Bow,Weapon,Legendary,yes,longbow,em 89,Cursed
Iron Flask,Wondrous Item,Legendary,,,dmg 178,
Irons of Imprisonment,Wondrous Item,Rare,,,em 89,
Irons of Throwing,Wondrous Item,Very Rare,,,em 89,
Ironstar Mace,Weapon,Legendary,yes,"mace, dwarf",em 87,
Ivy Bracelet,Wondrous Item,Rare,yes,druid,em 89,
Jade Scepter of Defending,Rod,Legendary,yes,,em 89,
Javelin of Distance,Weapon,Rare,,,em 90,
Javelin of Lightning,Weapon,Uncommon,,javelin,dmg 178,
Jewel of Flawlessness,Wondrous Item,Rare,,,em 90,
Jewelry of the Equus (Type I),Wondrous Item,Rare,,,em 90,
Jewelry of the Equus (Type II),Wondrous Item,Very Rare,,,em 90,
Kangaroo Pouch,Wondrous Item,Very Rare,,,em 90,
Keoghtom's Ointment,Wondrous Item,Uncommon,,,dmg 179,
Key of Entrance,Wondrous Item,Legendary,,,em 91,
Key of Inquiry,Wondrous Item,Very Rare,,,em 91,
Key of Reunion,Wondrous Item,Uncommon,,,em 91,
Key of Silence,Wondrous Item,Very Rare,,,em 91,
Key of Storage,Wondrous Item,Very Rare,,,em 91,
Ladder of Balance,Wondrous Item,Uncommon,,,em 91,
Ladle of Drinking,Wondrous Item,Uncommon,,,em 91,
Ladle of Duplicating,Wondrous Item,Legendary,,,em 92,
Lamp of Honesty,Wondrous Item,Very Rare,,,em 92,
Lamp of Ignition,Wondrous Item,Common,,,em 92,
Lamp of Infinite Burning,Wondrous Item,Very Rare,,,em 92,
Lamp of Lighting,Wondrous Item,Common,,,em 92,
Lamp of Plant Growth,Wondrous Item,Uncommon,,,em 92,
Lamp of the Winds,Wondrous Item,Legendary,,,em 92,
Lance of Venom,Weapon,Legendary,yes,lance,em 92,
Land Boat,Wondrous Item,Uncommon,,,em 93,
Lantern of Revealing,Wondrous Item,Uncommon,,,dmg 179,
Leaf of Falling,Wondrous Item,Rare,,,em 93,
Leech Dust,Wondrous Item,Very Rare,,,em 93,
Lens of Valuation,Wondrous Item,Very Rare,,,em 93,
Libram of Identification,Wondrous Item,Uncommon,,,em 93,
Libram of Recording,Wondrous Item,Uncommon,,,em 93,
Libram of Translation,Wondrous Item,Uncommon,,,em 93,
Life-Saver Sword,Weapon,Very Rare,yes,any sword,em 94,
Lightning Blade,Weapon,Legendary,yes,longsword,em 94,
Liquid Iron,Wondrous Item,Rare,,,em 94,
Liquid Road,Wondrous Item,Uncommon,,,em 94,
Luck Blade,Weapon,Legendary,yes,any sword,dmg 179,
Lucky Charm (Type I),Wondrous Item,Common,,,em 94,
Lucky Charm (Type II),Wondrous Item,Uncommon,,,em 94,
Lucky Charm (Type III),Wondrous Item,Legendary,,,em 94,
Lucky Penny,Wondrous Item,Uncommon,,,em 94,
Lunar Brooch,Wondrous Item,Rare,yes,spellcaster,em 94,
Lute of Calming,Wondrous Item,Uncommon,yes,bard,em 95,
Lute of Charming,Wondrous Item,Rare,yes,bard,em 95,
Mace of Crushing,Weapon,Very Rare,yes,mace or maul,em 95,
Mace of Disruption,Weapon,Rare,yes,mace,dmg 179,
Mace of Smiting,Weapon,Rare,,mace,dmg 179,
Mace of Terror,Weapon,Rare,yes,mace,dmg 180,
Mage Wine,Potion,Rare,,,em 95,
Magical Chess Set (Type I),Wondrous Item,Uncommon,,,em 95,
Magical Chess Set (Type II),Wondrous Item,Very Rare,,,em 95,
Magical Chess Set (Type III),Wondrous Item,Rare,,,em 95,
Magical Fountain,Wondrous Item,Legendary,,,em 95,
Mantle of Mist,Wondrous Item,Uncommon,yes,,em 98,
Mantle of Spell Resistance,Wondrous Item,Rare,yes,,dmg 180,
Mantooth,Weapon,Legendary,yes,"longsword, barbarian or fighter",em 98,
Manual of Bodily Health,Wondrous Item,Very Rare,,,dmg 180,
Manual of Gainful Exercise,Wondrous Item,Very Rare,,,dmg 180,
Manual of Golems,Wondrous Item,Very Rare,,,dmg 180,
Manual of Quickness of Action,Wondrous Item,Very Rare,,,dmg 181,
Marble of Cleanliness,Wondrous Item,Common,,,em 99,
Mariner's Armor,Armor,Uncommon,,,dmg 181,
Mask of Combat,Wondrous Item,Legendary,yes,barbarian or fighter,em 99,
Mask of Death,Wondrous Item,Legendary,yes,,em 99,Cursed
Mask of Disguise,Wondrous Item,Very Rare,yes,,em 99,
Mask of Knowledge,Wondrous Item,Rare,yes,,em 99,
Mask of the Wraith,Wondrous Item,Very Rare,yes,,em 99,
Medallion of Defense,Wondrous Item,Very Rare,yes,,em 99,
Medallion of Empathy,Wondrous Item,Uncommon,yes,,em 100,
Medallion of Thoughts,Wondrous Item,Uncommon,yes,,dmg 181,
Mirror of Duplication,Wondrous Item,Legendary,,,em 100,
Mirror of Fear,Wondrous Item,Uncommon,,,em 100,
Mirror of Life Trapping,Wondrous Item,Very Rare,,,dmg 181,
Mirror of Mental Prowess,Wondrous Item,Legendary,yes,,em 100,
Mirror of Reflecting,Wondrous Item,Rare,,,em 100,
Mirror of Retention,Wondrous Item,Very Rare,,,em 100,
Mirror of Sending,Wondrous Item,Very Rare,,,em 101,
Mirror of Truth,Wondrous Item,Legendary,,,em 101,
Mirror of Vanity,Wondrous Item,Rare,,,em 101,
Mithral Armor,Armor,Uncommon,,"medium or heavy, but not hide",dmg 182,
Mixing Spoon,Wondrous Item,Very Rare,,,em 101,
Monster Mask,Wondrous Item,Uncommon,yes,,em 101,
Mouse Chariot,Wondrous Item,Very Rare,,,em 101,
Mudship,Wondrous Item,Legendary,yes,,em 101,
Mug of Plenty,Wondrous Item,Rare,,,em 102,
Multiplanar Mushrooms,Wondrous Item,Very Rare,,,em 102,
Musical Menagerie,Wondrous Item,Very Rare,,,em 102,
Muzzle of Lycanthropic Control,Wondrous Item,Rare,,,em 102,
Nail of Building,Wondrous Item,Very Rare,,,em 102,
Nail of Securing,Wondrous Item,Common,,,em 102,
Necklace of Adaptation,Wondrous Item,Uncommon,yes,,dmg 182,
Necklace of Alteration,Wondrous Item,Uncommon,yes,,em 102,
Necklace of Elegance,Wondrous Item,Very Rare,yes,,em 103,
Necklace of Fireballs,Wondrous Item,Rare,,,dmg 182,
Necklace of Memory Displacement,Wondrous Item,Rare,yes,,em 103,Cursed
Necklace of Memory Enhancement,Wondrous Item,Uncommon,yes,,em 103,
Necklace of Prayer Beads,Wondrous Item,Rare,yes,"cleric, druid, or paladin",dmg 182,
Necklace of Protection from Charm,Wondrous Item,Rare,yes,,em 103,
Necklace of Strangulation,Wondrous Item,Very Rare,,,em 103,
Needle of Lively Tattoos,Wondrous Item,Common,,,em 103,
Needle of Repair,Wondrous Item,Common,,,em 104,
Net of Entrapment,Weapon,Uncommon,,net,em 104,
Net of Plenty,Wondrous Item,Common,,,em 104,
Net of Spirit Snaring,Weapon,Rare,,net,em 104,
Nine Lives Stealer,Weapon,Very Rare,yes,any sword,dmg 183,
Noisome Spirit Chaser,Wondrous Item,Uncommon,,,em 104,
Nolzur's Marvelous Pigments,Wondrous Item,Very Rare,,,dmg 183,
Oathbow,Weapon,Very Rare,yes,longbow,dmg 183,
Obedient Hourglass,Wondrous Item,Uncommon,,,em 104,
Oil of Agelessness,Potion,Very Rare,,,em 104,
Oil of Animation,Potion,Very Rare,,,em 104,
Oil of Armor (Type I),Potion,Common,,,em 104,
Oil of Armor (Type II),Potion,Rare,,,em 104,
Oil of Armor (Type III),Potion,Very Rare,,,em 104,
Oil of Beauty,Potion,Common,,,em 105,
Oil of Buoyancy,Potion,Uncommon,,,em 105,
Oil of Cloaking,Potion,Uncommon,,,em 105,
Oil of Damnation,Potion,Legendary,,,em 105,
Oil of Disenchantment,Potion,Very Rare,,,em 105,
Oil of Elasticity,Potion,Uncommon,,,em 105,
Oil of Eternal Fire,Potion,Uncommon,,,em 105,
Oil of Etherealness,Potion,Rare,,,dmg 183,
Oil of Feasts,Potion,Common,,,em 105,
Oil of Feather Falling,Potion,Uncommon,,,em 106,
Oil of Fumbling,Potion,Uncommon,,,em 106,
Oil of Hair Replacement,Potion,Uncommon,,,em 106,Cursed
Oil of Immovability,Potion,Uncommon,,,em 106,
Oil of Insect Repellence,Potion,Uncommon,,,em 106,
Oil of Metal Fatigue,Potion,Rare,,,em 106,
Oil of Neutral Scent,Potion,Uncommon,,,em 106,
Oil of Resistance,Potion,Uncommon,,,em 107,
Oil of Rust-Proofing,Potion,Uncommon,,,em 107,
Oil of Scents,Potion,Rare,,,em 107,
Oil of Scribes,Potion,Uncommon,,,em 107,
Oil of Scrying,Potion,Uncommon,,,em 107,
Oil of Sharpness,Potion,Very Rare,,,dmg 184,
Oil of Slipperiness,Potion,Uncommon,,,dmg 184,
Oil of Stone Passage,Potion,Rare,,,em 107,
Oil of the Dryad,Potion,Rare,,,em 105,
Oil of the Pickpocket,Potion,Uncommon,,,em 106,
Oil of Timelessness,Potion,Legendary,,,em 107,
Oil of Unlocking,Potion,Rare,,,em 107,
Oil of Vision (Type I),Potion,Common,,,em 107,
Oil of Vision (Type II),Potion,Rare,,,em 107,
Ointment of Blessing,Potion,Rare,,,em 108,
Ointment of Flying,Potion,Uncommon,,,em 108,
Ointment of Healing,Potion,Legendary,,,em 108,
Ointment of Poison,Potion,Very Rare,,,em 108,
Orrery of the Planes,Wondrous Item,Legendary,,,em 108,
Palette of Identity,Wondrous Item,Rare,,,em 108,
Parchment of Monster Holding,Wondrous Item,Rare,,,em 109,
Parchment of Spell Stealing,Wondrous Item,Very Rare,yes,wizard,em 109,
Peal of Entrancement,Wondrous Item,Very Rare,yes,,em 109,
Peal of the Tides,Wondrous Item,Legendary,yes,,em 109,
Pearl of Flying,Wondrous Item,Rare,,,em 109,
Pearl of Power,Wondrous Item,Uncommon,yes,spellcaster,dmg 184,
Pegleg of Walking,Wondrous Item,Common,,,em 109,
Perfect-Fit Clothing,Wondrous Item,Common,,,em 110,
Periapt of Health,Wondrous Item,Uncommon,,,dmg 184,
Periapt of Proof Against Poison,Wondrous Item,Rare,,,dmg 184,
Periapt of Proof Against Sound,Wondrous Item,Rare,,,em 110,
Periapt of Wound Closure,Wondrous Item,Uncommon,yes,,dmg 184,
Philter of Drunkenness,Potion,Uncommon,,,em 110,
Philter of Glibness,Potion,Rare,,,em 110,
Philter of Love,Potion,Uncommon,,,dmg 184,
Philter of Persuasiveness,Potion,Uncommon,,,em 110,
Philter of Stammering and Stuttering,Potion,Rare,,,em 110,
Pick of Earth Parting,Wondrous Item,Legendary,yes,"humanoid with Strength 17 or higher, or by a dwarf",em 110,
Pick of Proficiency,Wondrous Item,Rare,,,em 110,
Pin of Communication,Wondrous Item,Uncommon,,,em 110,
Pipes of Animal Calls,Wondrous Item,Uncommon,,,em 111,
Pipes of Haunting,Wondrous Item,Uncommon,,,dmg 185,
Pipes of Herding,Wondrous Item,Uncommon,,,em 111,
Pipes of Pain,Wondrous Item,Rare,,,em 111,
Pipes of Panic,Wondrous Item,Very Rare,,,em 111,
Pipes of Sounding,Wondrous Item,Rare,yes,bard,em 111,
Pipes of the Sewers,Wondrous Item,Uncommon,yes,,dmg 185,
Plate Armor of Etherealness,Armor,Legendary,yes,plate,dmg 185,
Platter of Purity,Wondrous Item,Rare,,,em 111,
Poisonsword,Weapon,Legendary,yes,greatsword,em 112,
Poker of Fire Control (Type I),Wondrous Item,Uncommon,,,em 112,
Poker of Fire Control (Type II),Wondrous Item,Very Rare,,,em 112,
Poker of Searing,Wondrous Item,Uncommon,,,em 112,
Portable Bridge,Wondrous Item,Very Rare,,,em 112,
Portable Hole,Wondrous Item,Rare,,,dmg 185,
Portable Spring,Wondrous Item,Very Rare,,,em 112,
Potion of Agility,Potion,Rare,,,em 112,
Potion of Animal Friendship,Potion,Uncommon,,,dmg 187,
Potion of Anti-Sleep,Potion,Uncommon,,,em 112,
Potion of Blindness,Potion,Uncommon,,,em 112,
Potion of Chameleon Power,Potion,Uncommon,,,em 112,
Potion of Childishness,Potion,Rare,,,em 113,
Potion of Clairvoyance,Potion,Rare,,,dmg 187,
Potion of Clarity,Potion,Uncommon,,,em 113,
Potion of Climbing,Potion,Common,,,dmg 187,
Potion of Cloud Giant Strength,Potion,Very Rare,,,dmg 187,
Potion of Confusion,Potion,Uncommon,,,em 113,
Potion of Corrosive Touch,Potion,Uncommon,,,em 113,
Potion of Craftsmanship,Potion,Rare,,,em 113,
Potion of Creation,Potion,Uncommon,,,em 113,
Potion of Curing Lycanthropy,Potion,Uncommon,,,em 113,
Potion of Deafness,Potion,Uncommon,,,em 114,
Potion of Defense (Type I),Potion,Common,,,em 114,
Potion of Defense (Type II),Potion,Uncommon,,,em 114,
Potion of Defense (Type III),Potion,Rare,,,em 114,
Potion of Delusion,Potion,Rare,,,em 114,
Potion of Diminution,Potion,Rare,,,dmg 187,
Potion of Dreaming,Potion,Uncommon,,,em 114,
Potion of Elemental Form,Potion,Very Rare,,,em 114,
Potion of False Visions,Potion,Rare,,,em 114,
Potion of Fire Breath,Potion,Uncommon,,,dmg 187,
Potion of Fire Giant Strength,Potion,Rare,,,dmg 187,
Potion of Flying,Potion,Very Rare,,,dmg 187,
Potion of Forewarning,Potion,Rare,,,em 114,
Potion of Forgetfulness,Potion,Rare,,,em 115,
Potion of Fright,Potion,Rare,,,em 115,
Potion of Frost Giant Strength,Potion,Rare,,,dmg 187,
Potion of Gaseous Form,Potion,Rare,,,dmg 187,
Potion of Gray Slumber,Potion,Rare,,,em 115,
Potion of Greater Healing,Potion,Uncommon,,,dmg 187,
Potion of Growth,Potion,Uncommon,,,dmg 187,
Potion of Healing,Potion,Common,,,dmg 187,
Potion of Heroism,Potion,Rare,,,dmg 188,
Potion of Hill Giant Strength,Potion,Uncommon,,,dmg 187,
Potion of Intensity,Potion,Very Rare,,,em 115,
Potion of Invisibility,Potion,Very Rare,,,dmg 188,
Potion of Invulnerability,Potion,Rare,,,dmg 188,
Potion of Lethargy,Potion,Uncommon,,,em 115,
Potion of Life Suspension,Potion,Legendary,,,em 115,
Potion of Longevity,Potion,Very Rare,,,dmg 188,
Potion of Lycanthropy,Potion,Very Rare,,,em 115,
Potion of Magic Resistance,Potion,Rare,,,em 115,
Potion of Mind Reading,Potion,Rare,,,dmg 188,
Potion of Mind Restoration,Potion,Very Rare,,,em 115,
Potion of Monsters,Potion,Rare,,,em 116,
Potion of Nutrition,Potion,Rare,,,em 116,
Potion of Perception,Potion,Uncommon,,,em 116,
Potion of Petrification,Potion,Rare,,,em 116,
Potion of Plant Growth,Potion,Uncommon,,,em 116,
Potion of Poison,Potion,Uncommon,,,dmg 188,
Potion of Pursuit,Potion,Rare,,,em 116,
Potion of Rainbow Hues,Potion,Uncommon,,,em 116,
Potion of Recall,Potion,Uncommon,,,em 117,
Potion of Resistance,Potion,Uncommon,,,dmg 188,
Potion of Rest,Potion,Common,,,em 117,
Potion of Restoration (Type I),Potion,Uncommon,,,em 117,
Potion of Restoration (Type II),Potion,Rare,,,em 117,
Potion of Shadow Form,Potion,Rare,,,em 117,
Potion of Sleeping,Potion,Common,,,em 117,
Potion of Sobriety,Potion,Common,,,em 117,
Potion of Speed,Potion,Very Rare,,,dmg 188,
Potion of Spirit Flight,Potion,Legendary,,,em 118,
Potion of Spirit-Binding,Potion,Rare,,,em 117,
Potion of Stone Giant Strength,Potion,Rare,,,dmg 187,
Potion of Storm Giant Strength,Potion,Legendary,,,dmg 187,
Potion of Superior Healing,Potion,Rare,,,dmg 187,
Potion of Supreme Healing,Potion,Very Rare,,,dmg 187,
Potion of the Psychotic Killer,Potion,Rare,,,em 116,
Potion of Tongues,Potion,Rare,,,em 118,
Potion of Truth,Potion,Uncommon,,,em 118,
Potion of Useful Appendages,Potion,Rare,,,em 118,
Potion of Venom,Potion,Rare,,,em 118,
Potion of Vitality,Potion,Very Rare,,,dmg 188,
Potion of Water Breathing,Potion,Uncommon,,,dmg 188,
Pouch of Security,Wondrous Item,Common,,,em 118,
Prism of Distraction,Wondrous Item,Uncommon,,,em 119,
Prism of Light Splitting,Wondrous Item,Rare,yes,spellcaster,em 119,
Protection Pouch,Wondrous Item,Common,,,em 119,
Purposed Sword,Weapon,Rare,,any sword,em 119,
Quaal's Feather Token,Wondrous Item,Rare,,,dmg 188,
Quaal's Feather Token (Variant),Wondrous Item,Rare,,,em 120,
Quartermaster's Chest,Wondrous Item,Legendary,,,em 120,
Quill Pen of Copying,Wondrous Item,Legendary,yes,spellcaster,em 121,
Quill Pen of Forgery,Wondrous Item,Rare,yes,,em 121,
Quill Pen of Long Writing,Wondrous Item,Common,,,em 121,
Quill Pen of Necromancy,Wondrous Item,Uncommon,,,em 121,
Quill Pen of Scroll Creation,Wondrous Item,Rare,,,em 121,
Quill Pen of Swift Writing,Wondrous Item,Common,,,em 122,
Quill Pen of Transcription,Wondrous Item,Uncommon,,,em 122,
Quiver of Ehlonna,Wondrous Item,Uncommon,,,dmg 189,
Quiver of Storing,Wondrous Item,Rare,,,em 122,
Rattle of Exorcism,Wondrous Item,Uncommon,yes,,em 122,
Rattle of Summoning,Wondrous Item,Rare,,,em 122,
Red Pearl,Wondrous Item,Rare,,,em 122,
Red Saber,Weapon,Rare,yes,scimitar,em 122,
Ring of Affliction,Ring,Rare,yes,,em 122,Cursed
Ring of Animal Influence,Ring,Rare,,,dmg 189,
Ring of Armoring,Ring,Rare,yes,"sorcerer, warlock, or wizard",em 123,
Ring of Awareness,Ring,Rare,yes,,em 123,
Ring of Bladeturning,Ring,Rare,yes,,em 123,
Ring of Blinking,Ring,Rare,,,em 123,
Ring of Cantrips (Type I),Ring,Uncommon,yes,,em 123,
Ring of Cantrips (Type II),Ring,Very Rare,yes,,em 123,
Ring of Clear Thought,Ring,Rare,yes,,em 123,
Ring of Clumsiness,Ring,Rare,yes,,em 123,Cursed
Ring of Command,Ring,Rare,,,em 124,
Ring of Courtly Etiquette,Ring,Uncommon,,,em 124,
Ring of Depetrification,Ring,Very Rare,yes,,em 124,
Ring of Disguise,Ring,Uncommon,yes,,em 124,
Ring of Djinni Summoning,Ring,Legendary,yes,,dmg 190,
Ring of Elemental Command,Ring,Legendary,yes,,dmg 190,
Ring of Evasion,Ring,Rare,yes,,dmg 191,
Ring of Extension,Ring,Rare,yes,spellcaster,em 124,
Ring of Fashion (Type I),Ring,Uncommon,yes,,em 124,Cursed
Ring of Fashion (Type II),Ring,Very Rare,yes,,em 124,Cursed
Ring of Fearlessness,Ring,Uncommon,yes,,em 125,Cursed
Ring of Feather Falling,Ring,Rare,yes,,dmg 191,
Ring of Fire Starting,Ring,Rare,,,em 125,
Ring of Flying,Ring,Uncommon,,,em 125,
Ring of Free Action,Ring,Rare,yes,,dmg 191,
Ring of Gargoyles,Ring,Very Rare,yes,,em 126,
Ring of Glyphs,Ring,Very Rare,yes,,em 126,
Ring of Holiness,Ring,Rare,yes,cleric or paladin,em 126,
Ring of Immunity,Ring,Rare,,,em 126,
Ring of Invisibility,Ring,Legendary,yes,,dmg 191,
Ring of Jumping,Ring,Uncommon,yes,,dmg 191,
Ring of Light,Ring,Common,yes,,em 126,
Ring of Liquid Identification,Ring,Common,yes,,em 126,
Ring of Mind Shielding,Ring,Uncommon,yes,,dmg 191,
Ring of Protection,Ring,Rare,yes,,dmg 191,
Ring of Quick Action,Ring,Uncommon,yes,"barbarian, fighter, ranger, or paladin",em 126,
Ring of Radiness,Ring,Rare,yes,,em 126,
Ring of Rapid Regeneration,Ring,Legendary,yes,,em 126,
Ring of Regeneration,Ring,Very Rare,yes,,dmg 191,
Ring of Resistance,Ring,Rare,yes,,dmg 192,
Ring of Seeing,Ring,Very Rare,yes,,em 127,
Ring of Shapechanging (Type I),Ring,Rare,yes,,em 127,
Ring of Shapechanging (Type II),Ring,Very Rare,yes,,em 127,
Ring of Shapechanging (Type III),Ring,Legendary,yes,,em 127,
Ring of Shocking Grasp,Ring,Uncommon,,,em 127,
Ring of Shooting Stars,Ring,Very Rare,yes,,dmg 192,
Ring of Spell Storing,Ring,Rare,yes,,dmg 192,
Ring of Spell Turning,Ring,Legendary,yes,,dmg 193,
Ring of Sustenance,Ring,Very Rare,yes,,em 127,
Ring of Swimming,Ring,Uncommon,,,dmg 193,
Ring of Telekinesis,Ring,Very Rare,yes,,dmg 193,
Ring of the Fair Folk,Ring,Legendary,yes,"wood elf, forest gnome, druid, cleric of the Nature domain, Oath of the Ancients Paladin, or Archfey Pact warlock",em 124,
Ring of the Ram,Ring,Rare,yes,,dmg 193,
Ring of the Valiant,Ring,Legendary,yes,cleric or paladin,em 128,
Ring of Three Wishes,Ring,Legendary,,,dmg 193,
Ring of Tongues,Ring,Very Rare,yes,,em 127,
Ring of Truth,Ring,Uncommon,,,em 127,Cursed
Ring of Warmth,Ring,Uncommon,yes,,dmg 193,
Ring of Water Walking,Ring,Uncommon,,,dmg 193,
Ring of X-ray Vision,Ring,Rare,yes,,dmg 193,
Robe of Eyes,Wondrous Item,Rare,yes,,dmg 193,
Robe of Holding,Wondrous Item,Rare,yes,,em 128,
Robe of Protection,Wondrous Item,Rare,,,em 128,
Robe of Scintillating Colors,Wondrous Item,Very Rare,yes,,dmg 194,
Robe of Stars,Wondrous Item,Very Rare,yes,,dmg 194,
Robe of Stone,Wondrous Item,Rare,yes,druid,em 128,
Robe of the Archmagi,Wondrous Item,Legendary,yes,"sorcerer, warlock, or wizard",dmg 194,
Robe of the Desert,Wondrous Item,Uncommon,,,em 128,
Robe of Useful Items,Wondrous Item,Uncommon,,,dmg 195,
Robe of Vanishing,Wondrous Item,Very Rare,,,em 128,
Rocksplitter,Weapon,Legendary,yes,"battleaxe, dwarf",em 128,
Rod of Absorption,Rod,Very Rare,yes,,dmg 195,
Rod of Alertness,Rod,Very Rare,yes,,dmg 196,
Rod of Beguiling,Rod,Very Rare,yes,,em 128,
Rod of Building,Rod,Legendary,,,em 128,
Rod of Health,Rod,Very Rare,yes,cleric,em 129,
Rod of Justice,Rod,Very Rare,yes,,em 130,
Rod of Lordly Might,Rod,Legendary,yes,,dmg 196,
Rod of Resurrection,Rod,Legendary,yes,"cleric, druid, or paladin",dmg 197,
Rod of Rulership,Rod,Rare,yes,,dmg 197,
Rod of Security,Rod,Very Rare,,,dmg 197,
Rod of Terror,Rod,Legendary,yes,,em 130,
Rod of the Elementals,Rod,Very Rare,yes,,em 129,
Rod of the General,Rod,Legendary,yes,,em 129,
"Rod of the Pact Keeper, +1",Rod,Uncommon,yes,warlock,dmg 197,
"Rod of the Pact Keeper, +2",Rod,Rare,yes,warlock,dmg 197,
"Rod of the Pact Keeper, +3",Rod,Very Rare,yes,warlock,dmg 197,
Rod of Weaponry,Rod,Legendary,yes,"dwarf, halfling, fighter, or rogue",em 130,
Rope of Climbing,Wondrous Item,Uncommon,,,dmg 197,
Rope of Entanglement,Wondrous Item,Rare,,,dmg 197,
Rudder of Guidance,Wondrous Item,Rare,,,em 130,
Rudder of Propulsion,Wondrous Item,Very Rare,yes,,em 130,
Rust Dust,Wondrous Item,Uncommon,,,em 130,
Sacred Bundle,Wondrous Item,Legendary,yes,"barbarian, fighter, or ranger",em 131,
Saddle of Flying,Wondrous Item,Uncommon,,,em 131,
Saddle of Taming,Wondrous Item,Uncommon,,,em 131,
Saddle of the Cavalier,Wondrous Item,Uncommon,,,dmg 199,
Saddle of the Spirit Horse,Wondrous Item,Rare,,,em 131,
Scabbard of Holding,Wondrous Item,Uncommon,,,em 131,
Scabbard of Poison,Wondrous Item,Very Rare,yes,,em 131,
Scarab of Protection,Wondrous Item,Legendary,yes,,dmg 199,
Scarf of the Dry Steppes,Wondrous Item,Very Rare,yes,,em 132,
Scepter of Defense,Rod,Rare,yes,,em 132,
Scepter of Truth,Rod,Rare,,,em 132,
Scimitar of Speed,Weapon,Very Rare,yes,scimitar,dmg 199,
Scroll Case of Holding,Wondrous Item,Very Rare,,,em 132,
Scroll of Communication,Scroll,Uncommon,,,em 132,
Scroll of Creation,Scroll,Very Rare,,,em 132,
Scroll of Curses,Scroll,Very Rare,,,em 132,Cursed
Scroll of Equipment,Scroll,Rare,,,em 133,
Scroll of Erasing,Scroll,Common,,,em 132,
Scroll of Illumination,Scroll,Uncommon,,,em 133,
Scroll of Mapping,Scroll,Uncommon,,,em 134,
Scroll of Protection,Scroll,Rare,,,dmg 199,
Scroll of Return,Scroll,Rare,,,em 134,
Scroll of Shelter,Scroll,Very Rare,,,em 134,
Scroll of Suggestion,Scroll,Very Rare,,,em 134,
Seal of Deception,Scroll,Uncommon,,,em 134,
Seed of Growth,Scroll,Uncommon,,,em 134,
Sending Stones,Wondrous Item,Uncommon,,,dmg 199,
Sentinel Shield,Armor,Uncommon,,shield,dmg 199,
Shadowsword,Weapon,Legendary,yes,shortsword or rapier,em 135,
Shield of Absorption,Armor,Uncommon,,shield,em 135,
Shield of Missile Attraction,Armor,Rare,yes,shield,dmg 200,
Shield of Reflection,Armor,Rare,,shield,em 135,
Shield of the Medusae,Armor,Rare,,shield,em 135,
"Shield, +1",Armor,Uncommon,,shield,dmg 200,
"Shield, +2",Armor,Rare,,shield,dmg 200,
"Shield, +3",Armor,Very Rare,,shield,dmg 200,
Shimmering Sash,Wondrous Item,Rare,,,em 135,
Ship-in-a-Bottle,Wondrous Item,Very Rare,,,em 135,
Shovel of Animation,Wondrous Item,Rare,yes,,em 135,
Shovel of Digging,Wondrous Item,Common,,,em 135,
Sickle of the Harvest,Weapon,Very Rare,yes,"sickle or scythe, druid",em 136,
Signaling Arrow,Weapon,Common,,arrow,em 136,
Silver Chalice,Wondrous Item,Very Rare,,,em 136,
Silver Whistle,Wondrous Item,Legendary,yes,,em 136,
Skeletal Potion,Potion,Rare,,,em 136,
Skull Mask,Wondrous Item,Very Rare,yes,,em 137,
Slingstone of Pulverizing,Weapon,Rare,,ammo,em 137,
Slippers of Kicking,Wondrous Item,Very Rare,yes,monk,em 137,
Slippers of Spider Climbing,Wondrous Item,Uncommon,yes,,dmg 200,
Soap of Washing,Wondrous Item,Common,,,em 137,
Sovereign Glue,Wondrous Item,Legendary,,,dmg 200,
Spear of Accuracy (Type I),Weapon,Rare,yes,spear,em 137,
Spear of Accuracy (Type II),Weapon,Very Rare,yes,spear,em 137,
Spear of Paralysis,Weapon,Legendary,,spear,em 137,
Spectral Sword,Weapon,Rare,,any sword,em 138,
"Spell Scroll of Delay, 1st Level",Scroll,Common,,,em 138,
"Spell Scroll of Delay, 2nd Level",Scroll,Uncommon,,,em 138,
"Spell Scroll of Delay, 3rd Level",Scroll,Uncommon,,,em 138,
"Spell Scroll of Delay, 4th Level",Scroll,Rare,,,em 138,
"Spell Scroll of Delay, 5th Level",Scroll,Rare,,,em 138,
"Spell Scroll of Delay, 6th Level",Scroll,Very Rare,,,em 138,
"Spell Scroll of Delay, 7th Level",Scroll,Very Rare,,,em 138,
"Spell Scroll of Delay, 8th Level",Scroll,Very Rare,,,em 138,
"Spell Scroll of Delay, 9th Level",Scroll,Legendary,,,em 138,
"Spell Scroll of Delay, Cantrip",Scroll,Common,,,em 138,
"Spell Scroll, 1st Level",Scroll,Common,,,dmg 200,
"Spell Scroll, 2nd Level",Scroll,Uncommon,,,dmg 200,
"Spell Scroll, 3rd Level",Scroll,Uncommon,,,dmg 200,
"Spell Scroll, 4th Level",Scroll,Rare,,,dmg 200,
"Spell Scroll, 5th Level",Scroll,Rare,,,dmg 200,
"Spell Scroll, 6th Level",Scroll,Very Rare,,,dmg 200,
"Spell Scroll, 7th Level",Scroll,Very Rare,,,dmg 200,
"Spell Scroll, 8th Level",Scroll,Very Rare,,,dmg 200,
"Spell Scroll, 9th Level",Scroll,Legendary,,,dmg 200,
"Spell Scroll, Cantrip",Scroll,Common,,,dmg 200,
Spellblade,Weapon,Uncommon,,shortsword or longsword,em 138,
Spellguard Shield,Armor,Very Rare,yes,shield,dmg 201,
Sphere of Annihilation,Wondrous Item,Legendary,,,dmg 201,
Spider Fang,Weapon,Very Rare,yes,dagger,em 138,
Spider Harness,Wondrous Item,Uncommon,,,em 138,
Spirit Oil,Potion,Uncommon,,,em 138,
Spirit Skull,Wondrous Item,Very Rare,yes,spellcaster,em 138,
Spoon of Medicine,Wondrous Item,Uncommon,,,em 139,
Staff of Charming,Staff,Rare,yes,"bard, cleric, druid, sorcerer, warlock, or wizard",dmg 201,
Staff of Devotion,Staff,Legendary,yes,cleric,em 139,
Staff of Dispelling,Staff,Rare,yes,,em 139,
Staff of Fire,Staff,Very Rare,yes,"druid, sorcerer, warlock, or wizard",dmg 201,
Staff of Frost,Staff,Very Rare,yes,"druid, sorcerer, warlock, or wizard",dmg 202,
Staff of Healing,Staff,Rare,yes,"bard, cleric, or druid",dmg 202,
Staff of Power,Staff,Very Rare,yes,"sorcerer, warlock, or wizard",dmg 202,
Staff of Skulls,Staff,Legendary,yes,,em 140,
Staff of Spell Focusing,Staff,Very Rare,yes,"sorcerer, warlock, or wizard",em 140,
Staff of Striking,Staff,Very Rare,yes,,dmg 203,
Staff of Stunning,Weapon,Legendary,yes,,em 140,
Staff of Swarming Insects,Staff,Rare,yes,"bard, cleric, druid, sorcerer, warlock, or wizard",dmg 203,
Staff of the Adder,Staff,Uncommon,yes,"cleric, druid, or warlock",dmg 203,
Staff of the Magi,Staff,Legendary,yes,"sorcerer, warlock, or wizard",dmg 203,
Staff of the Ninja,Staff,Very Rare,yes,monk of the way of shadow or an assassin,em 139,
Staff of the Python,Staff,Uncommon,yes,"cleric, druid, or warlock",dmg 204,
Staff of the White Well,Staff,Legendary,yes,druid,em 140,
Staff of the Woodlands,Staff,Rare,yes,druid,dmg 204,
Staff of Thunder and Lightning,Staff,Very Rare,yes,,dmg 204,
Staff of Withering,Staff,Rare,yes,"cleric, druid, or warlock",dmg 205,
Staff-Mace,Weapon,Very Rare,yes,,em 139,
Stair of Ascending and Descending,Wondrous Item,Very Rare,,,em 140,
Sticky Shield,Armor,Rare,,shield,em 141,
Stirge's Bite,Weapon,Very Rare,,arrow,em 141,
Stone Horse,Wondrous Item,Very Rare,,,em 141,
Stone of Controlling Earth Elementals,Wondrous Item,Rare,,,dmg 205,
Stone of Good Luck,Wondrous Item,Uncommon,yes,,dmg 205,
Stone of Warmth,Wondrous Item,Uncommon,,,em 141,
Storm Hammer,Weapon,Legendary,yes,warhammer,em 141,
Storm Star,Weapon,Legendary,yes,morningstar,em 141,
String of Warding (Type I),Wondrous Item,Uncommon,,,em 141,
String of Warding (Type II),Wondrous Item,Rare,,,em 141,
Sun Blade,Weapon,Rare,yes,longsword,dmg 205,
Sweet Water,Potion,Very Rare,,,em 142,
Sword of Answering,Weapon,Legendary,yes,"longsword, by alignment",dmg 206,
Sword of Assassination,Weapon,Rare,yes,"shortsword, rogue",em 142,
Sword of Blackflame,Weapon,Legendary,yes,rapier,em 142,
Sword of Cleaving,Weapon,Legendary,yes,greatsword or longsword,em 142,
Sword of Insanity,Weapon,Very Rare,,shortsword,em 142,
Sword of Intercession,Weapon,Legendary,yes,greatsword,em 142,
Sword of Life Stealing,Weapon,Rare,yes,any sword,dmg 206,
Sword of Night,Weapon,Very Rare,yes,longsword,em 143,
Sword of Sharpness,Weapon,Very Rare,yes,any sword that deals slashing damage,dmg 206,
Sword of Vengeance,Weapon,Uncommon,yes,any sword,dmg 206,
Sword of Wounding,Weapon,Rare,yes,any sword,dmg 207,
Table of Plenty (Type I),Wondrous Item,Rare,,,em 143,
Table of Plenty (Type II),Wondrous Item,Legendary,,,em 143,
Tablecloth of Feasting,Wondrous Item,Very Rare,,,em 143,
Talisman of Memorization,Wondrous Item,Rare,yes,wizard,em 144,
Talisman of Pure Good,Wondrous Item,Legendary,yes,good alignment,dmg 207,
Talisman of the Beast,Wondrous Item,Legendary,yes,druid,em 143,
Talisman of the Cockatrice,Wondrous Item,Very Rare,yes,,em 144,
Talisman of the Sphere,Wondrous Item,Legendary,yes,,dmg 207,
Talisman of Tongues,Wondrous Item,Legendary,yes,,em 144,
Talisman of Ultimate Evil,Wondrous Item,Legendary,yes,evil alignment,dmg 207,
Talking Skull,Wondrous Item,Uncommon,yes,cleric,em 144,
Tent of Luxury,Wondrous Item,Legendary,,,em 144,
Tentacle Rod,Rod,Rare,yes,,dmg 208,
Thieves' Tools of Stealth,Wondrous Item,Rare,yes,rogue,em 144,
Thorn of Sleep,Wondrous Item,Legendary,,,em 144,
Thought Bottle,Wondrous Item,Legendary,yes,,em 145,
Throwing Star of Returning,Weapon,Uncommon,,dart,em 145,
Thunderbolt,Weapon,Very Rare,,crossbow bolt,em 145,
Token Sword,Weapon,Uncommon,yes,any sword,em 145,
Tome of Clear Thought,Wondrous Item,Very Rare,,,dmg 208,
Tome of Leadership and Influence,Wondrous Item,Very Rare,,,dmg 208,
Tome of the Stilled Tongue,Wondrous Item,Legendary,yes,wizard,dmg 208,
Tome of Understanding,Wondrous Item,Very Rare,,,dmg 209,
Torch of Continual Flame,Wondrous Item,Common,,,em 145,
Tribal Lance,Weapon,Rare,yes,"lance, barbarian",em 145,
Trident of Fish Command,Weapon,Uncommon,yes,trident,dmg 209,
Troll's Bane,Weapon,Rare,yes,longsword,em 145,
Undeadbane,Weapon,Very Rare,yes,"mace, maul, or morningstar; cleric",em 146,
Universal Solvent,Wondrous Item,Legendary,,,dmg 209,
Unseen Ship Crew,Wondrous Item,Legendary,,,em 146,
Vampiric Sword,Weapon,Very Rare,yes,longsword,em 146,
Vest of Missile Protection,Wondrous Item,Rare,,,em 146,
Vestment of Power (Greater Vestment),Wondrous Item,Legendary,yes,cleric,em 146,
Vestment of Power (Lesser Vestment),Wondrous Item,Rare,yes,cleric,em 146,
Vicious Weapon,Weapon,Rare,,,dmg 209,
Vorpal Sword,Weapon,Legendary,yes,any sword that deals slashing damage,dmg 209,
Wand of Animation,Wand,Rare,yes,,em 146,
Wand of Binding,Wand,Rare,yes,spellcaster,dmg 209,
Wand of Corridors,Wand,Very Rare,yes,,em 147,
Wand of Enemy Detection,Wand,Rare,yes,,dmg 210,
Wand of Eyes,Wand,Rare,,,em 147,
Wand of Fear,Wand,Rare,yes,,dmg 210,
Wand of Fireballs,Wand,Rare,yes,spellcaster,dmg 210,
Wand of Frost,Wand,Very Rare,yes,spellcaster,em 147,
Wand of Illumination,Wand,Uncommon,yes,spellcaster,em 147,
Wand of Lightning Bolts,Wand,Rare,yes,spellcaster,dmg 211,
Wand of Magic Detection,Wand,Uncommon,,,dmg 211,
Wand of Magic Missiles,Wand,Uncommon,,,dmg 211,
Wand of Paralysis,Wand,Rare,yes,spellcaster,dmg 211,
Wand of Polymorph,Wand,Very Rare,yes,spellcaster,dmg 211,
Wand of Secrets,Wand,Uncommon,,,dmg 211,
Wand of Storms,Wand,Very Rare,yes,spellcaster,em 147,
Wand of the Armory,Wand,Very Rare,yes,spellcaster,em 147,
"Wand of the War Mage, +1",Wand,Uncommon,yes,spellcaster,dmg 212,
"Wand of the War Mage, +2",Wand,Rare,yes,spellcaster,dmg 212,
"Wand of the War Mage, +3",Wand,Very Rare,yes,spellcaster,dmg 212,
Wand of Web,Wand,Uncommon,yes,spellcaster,dmg 212,
Wand of Wonder,Wand,Rare,yes,spellcaster,dmg 212,
Wand of Wonder (Variant),Wand,Rare,yes,spellcaster,em 148,
War Shirt,Wondrous Item,Rare,yes,barbarian or fighter,em 151,
Wardstone,Wondrous Item,Uncommon,,,em 151,
Warstar of the Manticore,Weapon,Legendary,yes,morningstar,em 151,
Wax of Careful Hearing,Wondrous Item,Rare,,,em 151,
Weapon of Warning,Weapon,Uncommon,yes,,dmg 213,
"Weapon, +1",Weapon,Uncommon,,,dmg 213,
"Weapon, +2",Weapon,Rare,,,dmg 213,
"Weapon, +3",Weapon,Very Rare,,,dmg 213,
Well of Dreams,Wondrous Item,Legendary,,,em 151,
Well of Many Worlds,Wondrous Item,Legendary,,,dmg 213,
Wheel of Floating,Wondrous Item,Uncommon,,,em 152,
"Whip of Frost, Fire, and Fear",Weapon,Very Rare,yes,whip,em 152,
Wind Fan,Wondrous Item,Uncommon,,,dmg 213,
Window of Spying,Wondrous Item,Very Rare,,,em 152,
Winged Boots,Wondrous Item,Uncommon,yes,,dmg 214,
Winged Mask,Wondrous Item,Rare,yes,,em 152,
Wings of Flying,Wondrous Item,Rare,yes,,dmg 214,
Wolfspaw,Wondrous Item,Uncommon,yes,,em 152,
Wooden Arrow,Weapon,Legendary,,arrow,em 152,
Wyrmhelm,Wondrous Item,Very Rare,yes,,em 153,
Zagyg's Spell Component Pouch,Wondrous Item,Legendary,yes,,em 153,
Zombie Blood Potion,Potion,Rare,,,em 153,
